aa,Kyte-Doolittle,Hopp-Woods,Cornette,Eisenberg,Rose,Janin,Engelman_(GES),Radzicka-Wolfenden
A,1.8,-0.5,0.2,0.62,0.74,0.3,1.6,-0.45
C,2.5,-1,4.1,0.29,0.91,0.9,2,-3.63
D,-3.5,3,-3.1,-0.9,0.62,-0.6,-9.2,-13.34
E,-3.5,3,-1.8,-0.74,0.62,-0.7,-8.2,-12.63
F,2.8,-2.5,4.4,1.19,0.88,0.5,3.7,-3.15
G,-0.4,0,0,0.48,0.72,0.3,1,0
H,-3.2,-0.5,0.5,-0.4,0.78,-0.1,-3,-12.66
I,4.5,-1.8,4.8,1.38,0.88,0.7,3.1,-0.24
K,-3.9,3,-3.1,-1.5,0.52,-1.8,-8.8,-11.91
L,3.8,-1.8,5.7,1.06,0.85,0.5,2.8,-0.11
M,1.9,-1.3,4.2,0.64,0.85,0.4,3.4,-3.87
N,-3.5,0.2,-0.5,-0.78,0.63,-0.5,-4.8,-12.07
P,-1.6,0,-2.2,0.12,0.64,-0.3,-0.2,-3.8
Q,-3.5,0.2,-2.8,-0.85,0.62,-0.7,-4.1,-11.77
R,-4.5,3,1.4,-2.53,0.64,-1.4,-12.3,-22.31
S,-0.8,0.3,-0.5,-0.18,0.66,-0.1,0.6,-7.45
T,-0.7,-0.4,-1.9,-0.05,0.7,-0.2,1.2,-7.27
V,4.2,-1.5,4.7,1.08,0.86,0.6,2.6,-0.40
W,-0.9,-3.4,1,0.81,0.85,0.3,1.9,-8.27
Y,-1.3,-2.3,3.2,0.26,0.76,-0.4,-0.7,-8.50
